listing_id,date,comments
1,2024-05-01,The apartment was clean and the host was super responsive. Loved the location!
1,2024-05-15,"Great stay, would book again. Very comfortable bed."
1,2024-06-20,Check-in was a little confusing but the host cleared it up fast. Nice place overall.
2,2024-04-10,"The room was small and a bit noisy at night, but the price was fair."
2,2024-05-02,"Not much privacy since it's a shared setup, and the walls are thin."
2,2024-06-11,"Good value for the price, close to the park as advertised."
3,2024-06-02,"Amazing view from the loft, exactly as pictured. Highly recommend!"
3,2024-06-18,"Stylish space, though the elevator was out of service during our stay."
3,2024-07-05,Loved the natural light and the modern furniture. Would stay again.
4,2024-03-20,"It was okay for the price, nothing special but clean enough."
4,2024-04-02,"Very basic room, mattress was uncomfortable and it smelled a bit musty."
4,2024-05-19,"Fine for a night if you just need a bed, don't expect much else."
5,2024-07-01,"Wonderful family home, kids loved the backyard. Host was very kind."
5,2024-07-14,"Spacious and well equipped kitchen, perfect for our week-long stay."
5,2024-08-02,"Great for families, but a bit far from downtown attractions."
6,2024-05-22,"Peaceful spot by the river, woke up to birds instead of traffic. Loved it."
6,2024-06-09,"Beautiful views, though the road noise picked up in the evenings."
6,2024-07-30,Host left a thoughtful welcome basket. Such a relaxing weekend.
7,2024-04-15,"Tiny but efficient studio, everything you need within arm's reach."
7,2024-05-27,The heating didn't work properly and it took two days to get fixed.
7,2024-06-30,"Great location for exploring uptown on foot, very walkable."
8,2024-03-11,Host was an actual artist and the loft had incredible character.
8,2024-04-28,"A bit cramped for two people, but the decor made up for it."
8,2024-06-06,"Loud neighbors upstairs kept us up most nights, disappointing."
9,2024-05-03,"Super quiet and relaxing, exactly what we needed after a long trip."
9,2024-06-14,"Backyard was lovely for morning coffee, host gave great local tips."
9,2024-07-21,"Nothing wrong with the stay, just fairly average overall."
10,2024-04-09,"Charming old building with tons of character, creaky floors and all."
10,2024-05-20,"Bathroom was shared and a little outdated, but clean."
10,2024-06-25,Host told us amazing stories about the neighborhood's history.
11,2024-04-01,"Sleek and modern, felt like a boutique hotel room."
11,2024-05-08,"Great for a business trip, fast wifi and a proper desk."
11,2024-06-17,"Parking was a hassle and cost extra, wish that was clearer upfront."
12,2024-03-05,"Cheapest place I've found in the city, decent for backpackers."
12,2024-04-19,Bunk beds were squeaky and the common area was messy.
12,2024-05-30,"Met some great travelers here, fun hostel vibe."
13,2024-06-01,"Absolutely stunning cottage right on the water, worth every penny."
13,2024-06-22,"Dock access was a huge bonus, kids fished every morning."
13,2024-07-10,A few bugs got in through a screen door that didn't close well.
14,2024-04-04,"Full of charm, exposed brick and vintage furniture throughout."
14,2024-05-16,Street noise was noticeable at night since it's right in Old Town.
14,2024-06-27,Host went above and beyond to make our anniversary trip special.
15,2024-03-18,"Massive open-plan loft, perfect for our small group getaway."
15,2024-05-01,Industrial style was cool but the space felt a bit cold and echoey.
15,2024-06-13,"Great for photos and hosting friends, very unique stay."
16,2024-04-23,"Budget friendly and close to the riverside trail, no complaints."
16,2024-05-25,Kitchen was shared with other guests and always a bit cluttered.
16,2024-07-02,"Friendly housemates, felt more like staying with friends."
17,2024-04-12,"Efficient stay for a work trip, everything was where I needed it."
17,2024-05-29,"Thin walls made it hard to focus on calls, otherwise fine."
17,2024-06-24,"Great desk setup and fast internet, ideal for remote work."
18,2024-05-06,"Roomy house with a big yard, kids had a blast."
18,2024-06-19,"Air conditioning struggled during the heat wave, a bit uncomfortable."
18,2024-07-27,"Wonderful hosts, left us homemade jam as a welcome gift."
19,2024-04-30,"Incredible skyline view from the penthouse, felt very luxurious."
19,2024-06-05,Pricey but worth it for a special occasion stay.
19,2024-07-15,"Elevator access was limited during peak hours, minor annoyance."
20,2024-05-10,"Simple room right by the water, loved falling asleep to the waves."
20,2024-06-08,"Bathroom was a short walk down the hall, a little inconvenient at night."
20,2024-07-18,Host was incredibly welcoming and the sunset view was unbeatable.`